Loan_ID,Gender,Married,Dependents,Education,Self_Employed,ApplicantIncome,CoapplicantIncome,LoanAmount,Loan_Amount_Term,Credit_History,Property_Area,Loan_Status
0,Male,No,0,Graduate,No,8.674025985,0,4.986425673,5.886104031,1,Urban,Y
1,Male,Yes,1,Graduate,No,8.430109085,7.319202459,4.852030264,5.886104031,1,Rural,N
2,Male,Yes,0,Graduate,Yes,8.006367568,0,4.189654742,5.886104031,1,Urban,Y
3,Male,Yes,0,Not Graduate,No,7.856706793,7.765993079,4.787491743,5.886104031,1,Urban,Y
4,Male,No,0,Graduate,No,8.699514748,0,4.94875989,5.886104031,1,Urban,Y
5,Male,Yes,2,Graduate,Yes,8.597297436,8.342125263,5.587248658,5.886104031,1,Urban,Y
6,Male,Yes,0,Not Graduate,No,7.754910272,7.324489979,4.553876892,5.886104031,1,Urban,Y
7,Male,Yes,3+,Graduate,No,8.018296139,7.826044014,5.062595033,5.886104031,0,Semiurban,N
8,Male,Yes,2,Graduate,No,8.295548516,7.331060305,5.123963979,5.886104031,1,Urban,Y
9,Male,Yes,1,Graduate,No,9.460398456,9.302828391,5.855071922,5.886104031,1,Semiurban,N
10,Male,Yes,2,Graduate,No,8.070906089,6.552507887,4.248495242,5.886104031,1,Urban,Y
11,Male,Yes,2,Graduate,No,7.824046011,7.518064181,4.691347882,5.886104031,1,Urban,Y
12,Male,Yes,2,Graduate,No,8.030409562,9.000483165,5.298317367,5.886104031,1,Urban,Y
13,Male,No,0,Graduate,No,7.524561226,7.951911382,4.736198448,5.886104031,1,Rural,N
14,Male,Yes,2,Graduate,No,7.169350017,6.991176887,2.833213344,4.787491743,1,Urban,Y
15,Male,No,0,Graduate,No,8.507142856,0,4.828313737,5.886104031,1,Urban,Y
16,Male,No,1,Not Graduate,No,8.187577396,0,4.605170186,5.480638923,0.842198582,Urban,Y
17,Female,No,0,Graduate,No,8.163371316,0,4.33073334,5.886104031,0,Urban,N
18,Male,Yes,0,Not Graduate,No,8.494333897,0,4.890349128,5.886104031,1,Rural,N
19,Male,Yes,0,Graduate,No,7.863266724,8.160803921,4.744932128,5.834810737,1,Urban,Y
20,Male,Yes,0,Not Graduate,No,8.943767263,0,4.644390899,5.886104031,0,Urban,N
21,Male,Yes,1,Graduate,No,8.691986482,8.635153989,5.752572639,5.886104031,1,Urban,Y
22,Male,Yes,0,Not Graduate,No,7.863266724,7.555905094,4.753590191,5.886104031,0,Semiurban,N
23,Male,Yes,2,Not Graduate,No,8.121183242,7.559038255,4.718498871,5.886104031,0,Rural,N
24,Male,Yes,1,Graduate,No,8.22067217,7.981391582,5.017279837,5.886104031,0.842198582,Semiurban,N
25,Male,Yes,0,Graduate,Yes,9.165343006,0,5.252273428,5.886104031,1,Semiurban,Y
26,Male,Yes,0,Graduate,No,7.93701749,7.720461695,4.804021045,5.886104031,1,Semiurban,Y
27,Male,Yes,2,Not Graduate,No,8.349011198,6.947937069,4.700480366,5.886104031,1,Urban,Y
28,Male,No,0,Not Graduate,No,7.273786318,0,3.555348061,5.886104031,1,Urban,N
29,Female,No,2,Graduate,No,8.229511119,7.642044403,4.787491743,5.886104031,1,Semiurban,Y
30,Male,Yes,1,Graduate,No,8.334711622,8.122668023,5.303304908,5.886104031,0.842198582,Urban,N
31,Male,No,0,Graduate,No,8.060540047,0,4.304065093,5.886104031,1,Urban,N
32,Male,No,1,Graduate,Yes,8.45361421,0,4.663439094,5.886104031,1,Rural,N
33,Male,Yes,0,Graduate,No,8.160518247,7.419380583,4.736198448,5.886104031,1,Semiurban,Y
34,Male,No,3+,Graduate,No,9.433483923,8.006700845,5.768320996,5.886104031,1,Rural,N
35,Male,Yes,0,Graduate,No,7.729735331,7.634337236,4.986425673,5.886104031,1,Urban,Y
36,Male,Yes,0,Graduate,No,7.510977752,7.193685818,4.605170186,5.834810737,0,Urban,N
37,Female,Yes,0,Graduate,No,8.207129168,7.286191715,4.9698133,5.886104031,1,Semiurban,Y
38,Male,No,0,Graduate,No,8.334711622,8.883362917,5.214935758,5.886104031,1,Urban,Y
39,Male,No,0,Not Graduate,No,8.228977643,7.419979924,4.700480366,5.886104031,1,Semiurban,Y
40,Male,No,0,Graduate,No,8.188689124,0,4.382026635,5.886104031,1,Urban,N
41,Male,No,0,Graduate,No,7.495541944,7.101675972,3.850147602,5.886104031,1,Urban,Y
42,Male,Yes,0,Graduate,No,7.783224016,0,4.317488114,5.886104031,0.842198582,Urban,Y
43,Male,Yes,0,Graduate,No,8.279189777,7.756623335,4.8978398,5.886104031,1,Semiurban,Y
44,Male,Yes,0,Not Graduate,Yes,8.454253392,0,4.564348191,5.834810737,1,Urban,Y
45,Female,No,0,Graduate,No,8.13446757,0,4.477336814,5.834810737,1,Urban,Y
46,Male,Yes,1,Graduate,No,8.639233817,0,3.784189634,5.886104031,1,Urban,Y
47,Male,Yes,0,Graduate,No,8.669227347,0,4.9698133,5.886104031,1,Urban,Y
48,Female,Yes,0,Graduate,No,7.880426344,8.143517406,4.787491743,5.886104031,0,Urban,N
49,Female,No,0,Graduate,No,8.29404964,7.730174795,4.9698133,5.886104031,1,Semiurban,Y
50,Female,Yes,0,Not Graduate,No,7.564238475,7.405495663,4.605170186,5.886104031,1,Semiurban,Y
51,Female,No,0,Graduate,No,8.034631033,0,4.787491743,5.886104031,1,Semiurban,Y
52,Female,No,0,Graduate,No,8.349957272,0,4.718498871,5.886104031,1,Semiurban,N
53,Male,Yes,2,Graduate,No,8.437283808,0,4.8978398,5.886104031,1,Urban,N
54,Female,Yes,1,Graduate,Yes,9.350102314,0,5.655991811,5.886104031,0,Urban,N
55,Male,Yes,2,Graduate,No,7.903965634,7.063048163,4.574710979,5.886104031,1,Semiurban,Y
56,Male,Yes,0,Graduate,No,7.664815785,7.372746366,4.564348191,5.886104031,1,Semiurban,Y
57,Male,Yes,0,Graduate,No,8.121480375,7.696667082,4.905274778,5.886104031,1,Rural,N
58,Male,Yes,1,Graduate,No,8.997147152,7.719129841,5.192956851,5.886104031,1,Urban,Y
59,Male,Yes,2,Not Graduate,No,8.118802997,7.958576904,4.9698133,5.886104031,1,Urban,Y
60,Male,Yes,0,Graduate,No,7.824046011,8.24196656,4.787491743,5.886104031,1,Urban,Y
61,Male,Yes,3+,Graduate,No,8.015987811,0,4.59511985,5.886104031,1,Urban,Y
62,Male,Yes,0,Not Graduate,Yes,7.866722285,8.14612951,5.105945474,5.192956851,0,Rural,N
63,Male,Yes,1,Graduate,No,8.506132244,0,4.986425673,5.886104031,0,Rural,N
64,Female,No,0,Graduate,No,8.334711622,0,4.753590191,5.886104031,0,Semiurban,N
65,Male,Yes,0,Graduate,No,8.652772486,8.432941639,5.552959585,5.886104031,1,Semiurban,N
66,Male,No,0,Not Graduate,No,8.070906089,7.720905252,4.836281907,5.192956851,0,Urban,N
67,Male,Yes,1,Graduate,No,9.282661034,0,5.743003188,5.886104031,1,Urban,Y
68,Male,Yes,3+,Not Graduate,Yes,8.867850063,0,4.828313737,4.094344562,1,Urban,Y
69,Female,No,0,Graduate,No,8.366370302,0,4.912654886,5.886104031,0,Semiurban,N
70,Male,Yes,0,Graduate,No,8.073402969,8.028455164,5.147494477,5.886104031,1,Urban,Y
71,Male,Yes,2,Not Graduate,Yes,7.536363938,7.53689713,4.574710979,5.886104031,1,Semiurban,Y
72,Male,No,0,Graduate,No,8.160518247,0,4.394449155,5.703782475,1,Semiurban,Y
73,Male,Yes,3+,Not Graduate,No,8.466951975,0,4.553876892,5.834810737,0,Semiurban,N
74,Male,Yes,3+,Graduate,Yes,8.56902634,7.481555702,5.231108617,5.886104031,1,Semiurban,Y
75,Male,No,0,Graduate,No,8.229511119,0,4.727387819,6.173786104,1,Urban,N
76,Male,No,0,Graduate,No,8.229511119,8.466110401,5.170483995,5.886104031,1,Urban,N
77,Male,Yes,1,Graduate,Yes,6.907755279,8.014004995,4.700480366,5.886104031,1,Urban,N
78,Male,Yes,3+,Graduate,No,8.060540047,8.294299609,5.192956851,5.703782475,0,Semiurban,N
79,Male,Yes,3+,Not Graduate,Yes,8.111628078,7.681099002,4.86753445,5.886104031,0.842198582,Semiurban,Y
80,Female,No,0,Graduate,No,8.254788926,0,4.709530201,5.886104031,1,Semiurban,Y
81,Male,Yes,1,Graduate,Yes,7.78113851,0,4.986425673,5.886104031,1,Semiurban,Y
82,Female,Yes,2,Graduate,No,7.228388452,7.54009032,5.117993812,5.886104031,1,Urban,N
83,Male,Yes,0,Graduate,No,8.699514748,7.719129841,5.579729826,5.886104031,0.842198582,Semiurban,N
84,Male,Yes,1,Graduate,No,8.291045131,0,3.912023005,5.480638923,1,Urban,Y
85,Male,No,0,Graduate,No,7.768956045,7.836764783,4.912654886,5.886104031,1,Semiurban,Y
86,Male,Yes,2,Not Graduate,No,8.111628078,7.601402335,4.59511985,5.886104031,0.842198582,Semiurban,Y
87,Male,Yes,0,Graduate,No,7.824046011,7.658699558,4.644390899,5.886104031,1,Semiurban,Y
88,Male,No,0,Graduate,No,9.055556158,0,5.347107531,5.886104031,1,Urban,Y
89,Male,Yes,0,Graduate,No,8.647343876,8.335191583,5.164785974,5.886104031,1,Semiurban,Y
90,Male,Yes,0,Graduate,No,7.992268643,7.972810784,4.875197323,5.886104031,1,Semiurban,Y
91,Male,Yes,2,Graduate,No,8.740336743,8.640295389,5.236441963,5.192956851,1,Semiurban,Y
92,Male,Yes,2,Not Graduate,No,8.093462275,7.50714108,4.394449155,5.886104031,1,Urban,Y
93,Male,No,0,Graduate,No,8.326758815,0,4.804021045,5.886104031,1,Semiurban,Y
94,Male,No,0,Not Graduate,No,8.194229305,0,3.218875825,4.787491743,1,Semiurban,Y
95,Male,No,0,Graduate,No,8.822027323,0,4.986425673,5.886104031,0.842198582,Urban,N
96,Female,Yes,0,Graduate,No,7.817625443,7.7419679,4.919980926,5.886104031,1,Semiurban,Y
97,Male,Yes,0,Graduate,No,7.589335823,6.905753276,3.912023005,5.886104031,1,Semiurban,Y
98,Male,Yes,0,Not Graduate,No,8.339978572,0,4.744932128,5.192956851,1,Semiurban,Y
99,Male,Yes,0,Graduate,No,7.472500745,8.172446818,4.875197323,5.886104031,1,Semiurban,Y
100,Male,Yes,2,Not Graduate,No,8.363575703,8.090708716,4.890349128,5.192956851,1,Urban,Y
101,Male,No,0,Graduate,No,8.485289642,8.244596756,5.017279837,5.886104031,1,Semiurban,Y
102,Male,Yes,0,Graduate,No,9.521494801,0,4.986425673,5.886104031,1,Urban,Y
103,Male,Yes,0,Graduate,No,8.445052514,8.184234774,4.986425673,5.886104031,1,Semiurban,Y
104,Male,Yes,0,Graduate,No,8.246958033,6.626717749,5.075173815,5.886104031,1,Urban,Y
105,Male,Yes,1,Graduate,No,8.023552392,6.938284484,4.605170186,5.886104031,1,Urban,Y
106,Male,Yes,2,Graduate,No,9.342858752,7.027314514,5.416100402,5.886104031,1,Urban,Y
107,Male,No,0,Not Graduate,No,8.900139988,0,4.787491743,5.886104031,1,Rural,N
108,Male,Yes,2,Graduate,No,8.242756346,8.188966864,5.375278408,5.886104031,0,Urban,N
109,Male,Yes,3+,Not Graduate,No,7.635786861,6.626717749,4.543294782,6.173786104,1,Semiurban,Y
110,Male,No,0,Graduate,No,8.57847642,0,4.912654886,5.886104031,1,Urban,Y
111,Female,Yes,0,Graduate,No,7.982416347,7.755338813,4.934473933,5.886104031,1,Semiurban,Y
112,Male,Yes,0,Not Graduate,No,8.180880942,8.322394113,5.023880521,5.834810737,0,Rural,N
113,Female,No,1,Graduate,Yes,8.916103531,0,4.986425673,5.886104031,1,Semiurban,Y
114,Male,No,0,Graduate,No,8.527143522,0,4.770684624,5.886104031,1,Semiurban,Y
115,Male,Yes,1,Graduate,No,9.587611746,0,5.220355825,5.192956851,1,Rural,Y
116,Female,Yes,0,Graduate,No,8.060540047,7.733683571,5.036952602,5.886104031,1,Semiurban,Y
117,Male,Yes,1,Graduate,No,7.702556113,7.243512975,4.442651256,5.886104031,0.842198582,Urban,Y
118,Male,Yes,0,Graduate,No,8.624791202,7.669961995,5.164785974,5.886104031,1,Rural,N
119,Female,No,0,Graduate,No,9.25033002,0,5.556828062,5.886104031,1,Urban,Y
120,Male,Yes,0,Graduate,No,8.642415156,7.889084407,5.192956851,5.886104031,1,Rural,Y
121,Female,No,0,Graduate,No,8.334711622,0,3.784189634,5.886104031,1,Semiurban,Y
122,Female,No,0,Graduate,No,7.667158255,9.102866514,4.919980926,5.886104031,0,Semiurban,Y
123,Male,Yes,2,Graduate,No,7.99193052,0,4.394449155,5.886104031,1,Semiurban,Y
124,Male,Yes,0,Not Graduate,No,8.366370302,7.608374474,5.267858159,5.886104031,1,Rural,Y
125,Female,No,0,Graduate,No,8.213923596,0,4.532599493,5.886104031,0.842198582,Rural,Y
126,Male,Yes,3+,Graduate,No,10.0775669,0,5.913503006,5.886104031,1,Rural,Y
127,Male,No,0,Graduate,No,8.259716961,7.403061091,4.986425673,5.886104031,1,Rural,Y
128,Male,Yes,1,Graduate,Yes,9.260367866,8.256088134,5.075173815,5.192956851,0,Urban,N
129,Male,Yes,0,Graduate,No,8.712759975,7.851661178,5.204006687,5.886104031,0.842198582,Rural,N
130,Male,No,0,Graduate,Yes,9.911753297,0,6.476972363,6.173786104,0.842198582,Urban,Y
131,Male,No,0,Graduate,No,7.607878073,7.565275282,4.304065093,5.886104031,1,Urban,Y
132,Male,No,0,Graduate,No,7.907651595,0,4.248495242,5.886104031,1,Semiurban,Y
133,Male,Yes,0,Graduate,Yes,8.148734809,0,3.218875825,4.787491743,1,Semiurban,Y
134,Male,No,0,Graduate,No,8.495969555,0,4.624972813,5.886104031,1,Semiurban,Y
135,Male,Yes,3+,Graduate,No,8.29404964,8.955577146,5.669880923,5.886104031,1,Semiurban,N
136,Female,Yes,0,Graduate,No,8.430109085,0,4.430816799,5.886104031,1,Rural,N
137,Male,Yes,2,Graduate,Yes,8.106514516,8.160803921,4.477336814,5.886104031,1,Urban,Y
138,Male,No,0,Graduate,No,9.615738811,0,5.488937726,5.886104031,0,Semiurban,N
139,Male,Yes,2,Not Graduate,No,8.342839804,7.26612878,4.859812404,5.886104031,1,Rural,N
140,Male,Yes,2,Graduate,No,8.525558108,7.642044403,5.220355825,5.886104031,1,Rural,N
141,Male,No,0,Graduate,No,8.597297436,0,5.123963979,5.886104031,1,Urban,Y
142,Male,No,0,Graduate,Yes,8.846496939,0,5.164785974,5.192956851,1,Semiurban,Y
143,Male,Yes,0,Graduate,No,7.900266037,7.618251098,4.804021045,5.886104031,1,Semiurban,Y
144,Male,Yes,2,Graduate,No,9.372204087,0,5.231108617,5.192956851,1,Urban,Y
145,Female,Yes,0,Graduate,No,7.753623547,8.408939606,4.605170186,5.886104031,1,Semiurban,Y
146,Female,Yes,2,Graduate,No,9.606832005,0,4.248495242,5.886104031,1,Urban,Y
147,Male,Yes,1,Graduate,No,7.33823815,7.262628601,3.401197382,5.886104031,1,Urban,Y
148,Female,No,0,Graduate,No,9.210340372,7.418780883,5.416100402,5.886104031,1,Rural,N
149,Male,Yes,0,Graduate,No,8.488793717,6.722629795,4.828313737,5.886104031,1,Semiurban,Y
150,Male,No,0,Graduate,No,8.744647438,0,4.770684624,5.886104031,0,Rural,N
151,Male,Yes,0,Graduate,Yes,7.854381211,8.22977775,5.023880521,5.886104031,1,Rural,Y
152,Male,No,0,Graduate,No,9.123256265,0,5.497168225,5.886104031,1,Urban,N
153,Male,Yes,2,Not Graduate,No,7.732369222,0,4.727387819,5.886104031,1,Rural,N
154,Male,No,0,Graduate,No,8.087640288,0,3.912023005,5.886104031,1,Urban,Y
155,Male,Yes,3+,Graduate,No,10.59660973,0,6.396929655,5.192956851,0,Semiurban,Y
156,Male,Yes,1,Graduate,No,8.699514748,0,5.075173815,5.886104031,0.842198582,Rural,Y
157,Male,Yes,1,Graduate,No,9.163039099,0,5.231108617,5.886104031,1,Urban,Y
158,Male,No,0,Graduate,No,7.999678579,7.642044403,4.787491743,5.886104031,1,Rural,Y
159,Male,Yes,0,Graduate,No,8.430109085,8.635153989,5.541263545,5.886104031,1,Semiurban,Y
160,Male,Yes,0,Not Graduate,No,7.529943371,6.948897222,4.584967479,5.886104031,1,Semiurban,Y
161,Male,Yes,0,Graduate,No,8.978786553,0,5.616771098,5.886104031,1,Urban,N
162,Male,Yes,1,Graduate,No,8.035602693,7.155396302,4.795790546,5.886104031,0,Semiurban,N
163,Male,Yes,2,Graduate,No,8.334951631,7.277938573,5.062595033,5.886104031,1,Rural,Y
164,Male,Yes,0,Graduate,No,9.140239744,0,4.317488114,5.192956851,1,Urban,Y
165,Male,Yes,0,Graduate,No,8.217978203,8.060540047,5.204006687,5.834810737,1,Rural,Y
166,Female,Yes,0,Graduate,No,8.430109085,0,4.718498871,5.886104031,1,Rural,N
167,Male,Yes,0,Graduate,No,7.799343398,8.111928063,4.859812404,5.886104031,1,Rural,Y
168,Male,No,0,Graduate,No,7.712890961,0,4.143134726,6.173786104,0,Semiurban,N
169,Male,Yes,2,Graduate,No,8.987196821,0,5.298317367,5.886104031,1,Semiurban,Y
170,Male,Yes,0,Not Graduate,No,7.50659178,7.478734826,4.553876892,5.886104031,1,Rural,Y
171,Male,Yes,3+,Graduate,No,10.85443089,0,6.551080335,5.703782475,1,Urban,Y
172,Male,Yes,3+,Not Graduate,No,8.166784289,0,4.394449155,5.192956851,1,Rural,N
173,Male,Yes,0,Graduate,No,8.649623979,8.635153989,5.231108617,5.886104031,1,Semiurban,Y
174,Male,Yes,0,Not Graduate,Yes,8.376550862,6.602587892,4.465908119,5.886104031,1,Semiurban,N
175,Male,Yes,0,Graduate,No,8.159660737,7.583247524,4.753590191,5.886104031,1,Rural,Y
176,Male,Yes,2,Graduate,No,7.623153068,7.390181428,4.615120517,5.886104031,1,Rural,Y
177,Male,Yes,3+,Graduate,No,8.615408239,9.332646496,6.204557763,5.886104031,0,Semiurban,N
178,Male,Yes,1,Graduate,No,8.229511119,0,4.753590191,5.886104031,1,Semiurban,Y
179,Male,No,0,Not Graduate,No,7.754910272,7.280697195,4.624972813,6.173786104,0,Urban,N
180,Male,Yes,1,Graduate,No,8.764053269,8.888894669,5.192956851,5.886104031,0,Urban,N
181,Male,No,0,Graduate,No,7.557994959,8.529911964,4.204692619,5.886104031,0.842198582,Rural,N
182,Male,Yes,0,Graduate,No,8.433811582,0,4.290459441,5.192956851,1,Semiurban,Y
183,Male,Yes,1,Graduate,No,10.4295761,0,5.560681631,5.886104031,1,Semiurban,N
184,Female,Yes,0,Graduate,No,8.195609567,0,4.682131227,5.886104031,1,Semiurban,Y
185,Male,Yes,0,Graduate,Yes,10.57507907,8.466110401,4.787491743,5.886104031,1,Semiurban,Y
186,Male,Yes,1,Graduate,Yes,7.686162303,0,4.189654742,5.703782475,0,Rural,N
187,Male,Yes,0,Graduate,No,7.776115477,7.668093709,4.060443011,5.886104031,0.842198582,Rural,Y
188,Male,Yes,0,Graduate,Yes,6.513230111,8.574895902,5.123963979,5.886104031,1,Rural,Y
189,Male,Yes,0,Graduate,No,9.140775909,0,5.236441963,5.192956851,1,Rural,Y
190,Male,No,0,Not Graduate,No,8.493924564,0,3.871201011,5.886104031,1,Rural,Y
191,Male,No,0,Graduate,No,9.392661929,0,5.099866428,5.886104031,1,Semiurban,N
192,Male,Yes,0,Not Graduate,No,8.704999678,0,5.075173815,5.886104031,1,Urban,N
193,Male,No,0,Graduate,No,8.257904193,0,4.33073334,5.886104031,1,Semiurban,Y
194,Male,No,0,Graduate,No,8.340694648,0,4.787491743,5.886104031,1,Rural,Y
195,Male,Yes,1,Graduate,No,8.047189562,7.857093865,5.135798437,5.886104031,1,Semiurban,N
196,Male,No,0,Graduate,No,9.027978814,8.22977775,5.231108617,5.886104031,1,Rural,Y
197,Female,No,0,Not Graduate,No,7.553286606,7.768956045,4.787491743,5.834810737,1,Urban,Y
198,Female,Yes,0,Graduate,No,8.136225555,7.943427768,4.727387819,5.886104031,0.842198582,Semiurban,Y
199,Male,No,0,Graduate,Yes,9.305650552,0,4.418840608,5.886104031,1,Urban,N
200,Male,Yes,1,Not Graduate,No,7.863266724,7.824445931,4.49980967,5.886104031,1,Semiurban,Y
201,Male,No,2,Graduate,No,8.50167338,0,5.111987788,5.886104031,0,Semiurban,Y
202,Male,Yes,3+,Not Graduate,No,8.292047637,0,4.986425673,5.192956851,1,Urban,N
203,Male,Yes,1,Not Graduate,No,8.160518247,6.988413182,4.905274778,5.886104031,1,Urban,Y
204,Male,Yes,2,Not Graduate,No,8.273081334,0,4.820281566,5.886104031,1,Semiurban,Y
205,Female,No,0,Not Graduate,No,8.391176351,0,4.787491743,5.886104031,1,Semiurban,Y
206,Female,No,0,Graduate,No,8.084562415,0,4.382026635,5.886104031,1,Urban,Y
207,Male,No,0,Not Graduate,No,8.287780027,7.836764783,4.007333185,5.886104031,1,Rural,Y
208,Male,No,0,Graduate,No,7.815610532,0,4.077537444,5.886104031,1,Urban,Y
209,Male,No,0,Graduate,No,8.136810864,0,4.844187086,5.886104031,1,Semiurban,N
210,Female,No,0,Graduate,No,9.210340372,0,5.365976015,5.886104031,1,Semiurban,N
211,Male,Yes,3+,Graduate,No,8.14031554,7.13169851,4.852030264,5.886104031,0,Semiurban,N
212,Male,Yes,1,Graduate,Yes,8.960210956,0,5.480638923,5.886104031,1,Urban,Y
213,Male,Yes,3+,Not Graduate,Yes,8.648747631,0,4.86753445,5.886104031,1,Rural,Y
214,Male,Yes,0,Graduate,No,8.062432792,8.013674143,4.919980926,5.886104031,1,Urban,Y
215,Male,Yes,3+,Not Graduate,No,8.255828427,6.891625897,4.605170186,5.886104031,1,Semiurban,Y
216,Male,Yes,0,Graduate,No,5.010635294,7.496097345,4.905274778,5.886104031,1,Rural,N
217,Male,Yes,0,Graduate,No,8.223358899,7.482118924,4.875197323,5.886104031,1,Semiurban,Y
218,Male,Yes,2,Graduate,No,8.517193191,0,4.276666119,5.886104031,0,Semiurban,N
219,Female,Yes,2,Graduate,No,8.362408978,7.776535028,4.844187086,5.886104031,0.842198582,Semiurban,Y
220,Male,Yes,0,Graduate,No,7.705712824,0,4.094344562,5.886104031,0,Urban,N
221,Male,Yes,2,Graduate,No,8.296297113,7.448916103,4.753590191,5.886104031,1,Semiurban,Y
222,Male,No,0,Graduate,No,7.996653875,7.934513464,4.9698133,5.886104031,1,Semiurban,Y
223,Male,Yes,0,Graduate,No,8.933004592,6.918695219,5.164785974,5.834810737,1,Semiurban,Y
224,Male,Yes,0,Graduate,No,8.740336743,0,4.852030264,5.886104031,1,Semiurban,Y
225,Male,Yes,0,Graduate,No,8.086410275,0,5.135798437,5.886104031,1,Rural,N
226,Male,Yes,0,Not Graduate,Yes,8.462737006,0,4.927253685,5.886104031,1,Urban,N
227,Male,Yes,2,Graduate,No,8.740336743,7.436027816,5.347107531,5.886104031,1,Semiurban,Y
228,Male,Yes,0,Graduate,No,8.467582691,0,5.062595033,6.173786104,1,Semiurban,Y
229,Male,No,0,Graduate,Yes,8.764053269,0,5.298317367,5.886104031,1,Rural,Y
230,Male,Yes,1,Graduate,No,7.820439515,7.628031127,4.644390899,5.886104031,1,Semiurban,Y
231,Male,Yes,0,Graduate,No,8.2204031,0,3.737669618,5.192956851,1,Rural,Y
232,Male,No,0,Not Graduate,No,8.067462667,7.862882035,4.787491743,5.834810737,1,Rural,Y
233,Female,No,0,Graduate,No,9.027978814,0,5.634789603,5.886104031,1,Semiurban,Y
234,Male,Yes,1,Graduate,No,8.056743775,7.484368643,4.941642423,5.886104031,1,Semiurban,Y
235,Male,Yes,1,Graduate,No,8.612503371,7.139660336,5.135798437,5.886104031,1,Rural,Y
236,Male,Yes,0,Graduate,No,8.65625924,0,5.541263545,5.886104031,0.842198582,Urban,N
237,Female,No,0,Graduate,Yes,8.149890544,0,4.804021045,5.886104031,0.842198582,Urban,Y
238,Female,No,1,Graduate,No,8.245909265,0,4.718498871,5.886104031,1,Rural,Y
239,Male,Yes,1,Graduate,No,8.106212903,0,4.564348191,5.886104031,1,Semiurban,Y
240,Male,Yes,2,Graduate,No,8.668883705,8.517393171,4.787491743,5.886104031,1,Rural,Y
241,Male,Yes,1,Not Graduate,No,7.828038032,7.592870288,4.941642423,5.192956851,1,Urban,N
242,Male,No,0,Graduate,No,7.994632311,8.648572269,5.043425117,4.094344562,1,Urban,Y
243,Male,Yes,2,Graduate,Yes,8.740336743,7.170888479,4.682131227,5.886104031,1,Rural,Y
244,Male,Yes,0,Not Graduate,No,8.133293861,8.393442384,4.812184355,5.886104031,1,Semiurban,Y
245,Male,No,0,Graduate,Yes,8.707813551,8.374246182,4.787491743,5.192956851,1,Urban,N
246,Male,Yes,2,Graduate,No,9.180190395,0,4.718498871,5.886104031,1,Urban,Y
247,Male,Yes,1,Not Graduate,No,8.796036315,0,4.919980926,5.192956851,1,Urban,Y
248,Male,Yes,1,Graduate,No,7.966239777,7.519692404,4.812184355,6.173786104,1,Semiurban,Y
249,Male,Yes,0,Graduate,No,7.500529485,7.533158807,4.49980967,5.886104031,1,Urban,Y
250,Male,Yes,0,Not Graduate,No,7.419380583,8.266421473,5.303304908,5.886104031,0,Semiurban,N
251,Female,No,2,Graduate,No,8.139440522,0,4.927253685,5.886104031,1,Urban,N
252,Male,No,0,Not Graduate,Yes,7.856706793,7.681560363,4.644390899,5.886104031,1,Rural,Y
253,Male,Yes,1,Not Graduate,No,7.886457271,8.868131714,5.631211782,5.192956851,1,Semiurban,Y
254,Male,No,0,Graduate,Yes,9.695848188,0,5.257495372,5.886104031,0,Urban,N
255,Female,No,3+,Graduate,No,8.033658428,0,5.541263545,5.886104031,1,Rural,Y
256,Male,No,0,Not Graduate,No,8.706986763,0,4.744932128,5.886104031,0,Rural,N
257,Male,Yes,3+,Graduate,No,8.565983356,0,4.543294782,5.886104031,1,Urban,N
258,Male,Yes,0,Graduate,No,9.594445641,7.650168701,5.717027701,5.886104031,1,Rural,N
259,Male,Yes,3+,Not Graduate,No,8.503297086,0,4.852030264,5.886104031,0.842198582,Semiurban,N
260,Male,Yes,1,Graduate,No,8.713253274,8.354909528,5.799092654,5.886104031,0.842198582,Urban,Y
261,Male,No,0,Graduate,No,7.630461262,7.700747795,4.8978398,5.886104031,1,Semiurban,Y
262,Female,No,1,Graduate,No,8.155074888,0,5.043425117,3.583518938,1,Semiurban,N
263,Female,No,0,Graduate,No,8.881836305,0,4.787491743,5.886104031,1,Rural,Y
264,Male,No,0,Graduate,Yes,8.549853974,0,4.852030264,5.886104031,1,Semiurban,Y
265,Male,No,0,Graduate,No,8.317521996,8.145549632,5.017279837,5.886104031,1,Rural,Y
266,Male,Yes,2,Graduate,No,8.457018468,7.235619141,5.010635294,5.886104031,1,Semiurban,Y
267,Male,Yes,3+,Graduate,No,8.374015422,7.502186487,5.075173815,5.886104031,0,Urban,Y
268,Female,No,0,Graduate,No,8.136810864,0,4.905274778,5.886104031,1,Rural,N
269,Female,No,1,Graduate,No,7.964155719,7.353081921,4.49980967,5.886104031,1,Urban,Y
270,Female,No,0,Graduate,No,8.082402254,0,3.401197382,5.886104031,1,Urban,Y
271,Male,Yes,0,Graduate,No,9.318835968,0,4.912654886,5.886104031,1,Urban,Y
272,Male,No,0,Graduate,No,7.9490915,7.527255919,4.836281907,5.886104031,1,Rural,Y
273,Male,Yes,0,Graduate,No,7.870929597,7.707062655,5.010635294,5.886104031,1,Semiurban,Y
274,Male,Yes,2,Graduate,No,8.268731832,0,4.49980967,5.886104031,1,Semiurban,Y
275,Male,Yes,1,Graduate,No,7.919356191,7.519149958,4.744932128,5.886104031,1,Semiurban,Y
276,Male,Yes,0,Graduate,No,8.292298107,8.094073148,5.332718793,5.886104031,1,Semiurban,Y
277,Male,Yes,0,Graduate,No,8.040124664,7.170888479,4.382026635,5.886104031,1,Urban,Y
278,Male,Yes,0,Graduate,No,9.587611746,0,6.077642243,5.886104031,1,Semiurban,Y
279,Female,Yes,0,Not Graduate,No,8.318742253,0,4.820281566,5.886104031,0.842198582,Rural,Y
280,Male,No,1,Not Graduate,Yes,8.307212627,7.794411206,5.062595033,5.886104031,0,Urban,N
281,Male,Yes,0,Graduate,No,8.275631055,6.685860947,4.718498871,5.886104031,1,Semiurban,Y
282,Male,Yes,2,Graduate,No,7.74109909,6.894467372,4.356708827,5.192956851,1,Urban,Y
283,Female,No,0,Graduate,No,7.501634458,7.418780883,3.988984047,5.886104031,1,Urban,Y
284,Male,Yes,0,Graduate,No,9.936293504,0,4.986425673,5.886104031,1,Rural,N
285,Male,No,0,Graduate,No,8.057694195,8.024207486,4.48863637,5.886104031,1,Rural,Y
286,Female,No,0,Graduate,Yes,7.863266724,7.448916103,4.59511985,5.703782475,1,Semiurban,N
287,Male,Yes,0,Graduate,No,8.217168596,7.601402335,4.787491743,5.886104031,1,Rural,Y
288,Female,No,0,Graduate,No,8.324578845,0,4.744932128,5.886104031,1,Semiurban,Y
289,Male,No,0,Graduate,No,9.159888828,0,5.231108617,5.886104031,1,Rural,Y
290,Male,Yes,0,Graduate,No,8.03106018,7.790282381,4.934473933,5.886104031,1,Rural,Y
291,Male,Yes,2,Graduate,No,8.38935982,0,4.844187086,5.886104031,0,Semiurban,N
292,Male,Yes,2,Graduate,No,8.05610966,7.353081921,4.8978398,5.886104031,1,Urban,Y
293,Female,No,0,Graduate,No,8.597297436,0,4.96284463,6.173786104,0,Urban,N
294,Male,Yes,0,Graduate,No,7.776115477,8.112227958,5.147494477,5.886104031,1,Semiurban,Y
295,Male,Yes,3+,Graduate,No,8.392989588,7.13169851,4.700480366,5.886104031,1,Urban,Y
296,Male,Yes,1,Graduate,No,8.835646923,0,5.298317367,5.886104031,1,Semiurban,Y
297,Female,Yes,1,Graduate,No,8.448057453,0,4.905274778,5.886104031,1,Urban,Y
298,Female,No,0,Graduate,No,8.517193191,7.840706452,5.017279837,6.173786104,1,Rural,N
299,Male,Yes,1,Graduate,No,7.607878073,7.981391582,4.727387819,5.886104031,1,Urban,N
300,Male,Yes,0,Not Graduate,No,7.495541944,7.984462732,4.532599493,5.886104031,0,Urban,N
301,Male,Yes,0,Not Graduate,No,7.963807953,7.467942332,4.65396035,5.886104031,1,Semiurban,Y
302,Female,No,0,Graduate,No,8.517193191,0,4.882801923,5.886104031,1,Rural,Y
303,Male,Yes,1,Graduate,No,7.393263095,7.497761701,4.564348191,5.886104031,1,Urban,Y
304,Male,No,0,Graduate,No,8.29404964,7.824445931,4.941642423,5.886104031,1,Rural,Y
305,Male,No,0,Not Graduate,No,7.60090246,0,4.986425673,5.886104031,1,Urban,N
306,Female,No,0,Graduate,No,8.23270601,7.418780883,4.905274778,5.886104031,1,Rural,Y
307,Female,No,0,Graduate,No,7.783224016,7.530479995,4.644390899,5.886104031,0,Urban,N
308,Male,No,0,Graduate,No,9.915070214,0,6.173786104,5.886104031,1,Rural,N
309,Male,Yes,2,Not Graduate,No,8.944680684,0,5.220355825,5.886104031,0.842198582,Rural,Y
310,Female,No,0,Graduate,No,7.97831097,0,4.430816799,5.886104031,1,Semiurban,Y
311,Male,No,0,Not Graduate,No,7.981733287,7.785720897,4.709530201,5.886104031,1,Semiurban,Y
312,Female,No,0,Graduate,No,7.826842098,0,4.025351691,5.886104031,1,Rural,Y
313,Male,Yes,2,Graduate,Yes,8.65625924,0,4.9698133,4.430816799,0.842198582,Rural,Y
314,Male,Yes,0,Graduate,No,7.813187268,7.519692404,5.068904202,5.886104031,1,Rural,N
315,Male,Yes,1,Not Graduate,No,8.13123655,7.403061091,4.709530201,5.192956851,1,Urban,Y
316,Male,Yes,2,Graduate,No,8.22067217,0,4.787491743,5.886104031,1,Semiurban,Y
317,Male,Yes,0,Graduate,No,7.629489916,7.666221926,4.477336814,5.886104031,0.842198582,Urban,Y
318,Female,No,1,Graduate,No,8.172164452,0,4.718498871,5.886104031,0.842198582,Semiurban,Y
319,Male,Yes,1,Graduate,Yes,9.210340372,0,5.043425117,5.886104031,1,Rural,N
320,Male,Yes,0,Graduate,No,7.783224016,7.681560363,4.744932128,5.886104031,1,Semiurban,Y
321,Male,Yes,3+,Graduate,No,8.37609035,5.247024072,4.820281566,5.886104031,1,Semiurban,Y
322,Male,Yes,2,Not Graduate,No,8.188966864,7.372118028,4.986425673,5.886104031,1,Rural,Y
323,Female,No,0,Graduate,No,8.06022424,8.001689978,4.882801923,5.886104031,0.842198582,Rural,Y
324,Male,Yes,3+,Graduate,No,9.61580548,0,5.703782475,5.886104031,1,Rural,Y
325,Male,Yes,1,Graduate,Yes,9.067162602,8.51398806,5.929589143,5.886104031,0,Rural,N
326,Male,No,0,Graduate,No,8.500453867,0,4.86753445,5.886104031,0,Rural,Y
327,Male,Yes,0,Graduate,Yes,8.668711839,7.678326357,5.214935758,5.886104031,1,Semiurban,Y
328,Female,Yes,0,Graduate,No,8.374015422,7.804659297,4.700480366,5.886104031,1,Urban,N
329,Female,No,0,Graduate,No,7.824046011,0,4.204692619,5.886104031,1,Urban,Y
330,Male,No,1,Graduate,No,8.385716829,7.492203043,4.762173935,5.886104031,1,Urban,Y
331,Male,No,0,Graduate,No,7.984462732,0,4.584967479,5.886104031,1,Semiurban,Y
332,Male,No,0,Graduate,No,7.9490915,0,4.262679877,5.886104031,1,Urban,Y
333,Male,Yes,0,Graduate,No,11.05622496,0,6.194405391,5.192956851,1,Urban,Y
334,Male,Yes,1,Graduate,Yes,9.193499355,7.514254653,5.204006687,5.192956851,1,Urban,Y
335,Male,Yes,0,Graduate,Yes,8.613048677,8.409830673,4.248495242,5.834810737,1,Semiurban,Y
336,Male,Yes,1,Graduate,No,8.565983356,6.535241271,5.075173815,5.886104031,1,Rural,Y
337,Male,Yes,2,Graduate,Yes,7.824046011,8.43402895,5.170483995,5.886104031,1,Rural,Y
338,Female,No,3+,Not Graduate,No,7.512071246,0,4.986425673,5.886104031,0,Urban,N
339,Female,No,0,Graduate,No,8.333270353,0,4.262679877,5.886104031,1,Semiurban,Y
340,Male,Yes,3+,Not Graduate,No,7.881182202,7.370230642,5.153291594,5.886104031,1,Rural,N
341,Female,No,0,Graduate,No,7.774015077,0,3.828641396,5.886104031,1,Rural,N
342,Male,Yes,1,Not Graduate,No,8.423761247,7.114769448,5.062595033,5.886104031,1,Urban,Y
343,Male,Yes,3+,Not Graduate,No,8.062432792,0,4.304065093,5.886104031,1,Semiurban,Y
344,Male,Yes,2,Graduate,No,7.856706793,7.754052639,4.828313737,5.886104031,1,Rural,Y
345,Male,Yes,0,Graduate,No,7.823645931,7.807510042,5.075173815,5.886104031,1,Semiurban,Y
346,Male,Yes,0,Not Graduate,No,8.167068178,8.080546966,5.023880521,5.886104031,0,Rural,N
347,Male,Yes,2,Not Graduate,No,8.033658428,7.682021511,4.836281907,5.886104031,1,Urban,Y
348,Male,Yes,0,Graduate,No,8.753529337,8.430327258,5.556828062,5.886104031,0.842198582,Semiurban,Y
349,Male,Yes,0,Graduate,No,7.872836175,8.74049673,5.231108617,5.886104031,1,Rural,Y
350,Male,Yes,0,Graduate,No,9.114159814,0,5.429345629,5.886104031,1,Semiurban,Y
351,Male,No,0,Graduate,No,9.076808979,8.335191583,5.730099783,5.886104031,1,Rural,N
352,Male,Yes,3+,Graduate,No,7.888334501,7.642044403,4.553876892,5.886104031,1,Rural,Y
353,Female,Yes,0,Graduate,Yes,8.612503371,0,4.65396035,5.886104031,0,Rural,N
354,Female,Yes,0,Graduate,No,7.792761721,6.226536669,4.86753445,5.886104031,1,Semiurban,Y
355,Female,No,0,Graduate,No,8.24617156,0,4.753590191,5.192956851,1,Urban,Y
356,Male,Yes,2,Graduate,No,9.027978814,8.060855753,5.105945474,5.886104031,1,Rural,Y
357,Male,Yes,1,Graduate,No,8.262300942,0,4.204692619,5.886104031,1,Urban,N
358,Male,Yes,0,Not Graduate,No,8.006367568,7.418780883,4.605170186,6.173786104,0,Urban,N
359,Male,Yes,3+,Graduate,No,8.550047528,8.060855753,5.298317367,5.886104031,1,Semiurban,Y
360,Female,No,1,Graduate,No,8.46019947,0,4.394449155,5.886104031,1,Semiurban,N
361,Male,Yes,2,Graduate,No,8.517193191,8.207401833,5.463831805,5.886104031,1,Semiurban,Y
362,Male,Yes,0,Graduate,No,8.465899897,7.755338813,4.86753445,5.886104031,1,Urban,Y
363,Male,Yes,0,Graduate,No,8.010691539,8.01763716,4.553876892,5.703782475,0.842198582,Urban,Y
364,Male,No,0,Graduate,Yes,8.827907963,0,4.94875989,5.886104031,1,Rural,Y
365,Male,No,0,Not Graduate,No,8.734881892,0,4.890349128,5.886104031,1,Rural,N
366,Male,No,0,Graduate,No,7.824046011,0,4.564348191,6.173786104,1,Semiurban,N
367,Male,No,0,Graduate,No,8.541690663,0,4.820281566,5.834810737,0,Rural,N
368,Male,Yes,1,Graduate,No,8.752265314,0,5.164785974,5.886104031,1,Semiurban,Y
369,Male,Yes,0,Graduate,No,9.889895599,8.569216219,6.345636361,5.886104031,1,Rural,N
370,Female,No,0,Graduate,Yes,9.66516691,0,4.007333185,5.886104031,1,Semiurban,Y
371,Male,Yes,2,Graduate,No,8.553525121,0,5.043425117,5.886104031,1,Semiurban,Y
372,Male,Yes,2,Graduate,Yes,9.140239744,8.971321472,5.940171253,5.703782475,1,Rural,Y
373,Male,No,1,Graduate,No,8.026823576,7.594884387,4.709530201,5.192956851,0,Urban,N
374,Female,No,0,Graduate,No,7.924434185,7.286191715,4.700480366,5.886104031,1,Urban,Y
375,Male,Yes,0,Graduate,No,8.479906607,6.828712072,4.787491743,5.192956851,1,Urban,Y
376,Male,Yes,3+,Graduate,No,9.076808979,8.516593011,4.86753445,5.886104031,1,Rural,Y
377,Male,Yes,0,Graduate,No,8.368693183,0,4.86753445,5.886104031,0.842198582,Semiurban,Y
378,Male,No,0,Graduate,No,8.029107055,0,4.262679877,6.173786104,1,Urban,N
379,Male,Yes,2,Graduate,No,8.592486175,0,4.86753445,5.886104031,1,Urban,Y
380,Male,Yes,0,Graduate,No,8.111628078,7.824445931,4.852030264,5.886104031,1,Semiurban,Y
381,Male,No,0,Graduate,No,8.689632748,8.350666241,5.690359454,5.886104031,1,Semiurban,Y
382,Female,No,0,Graduate,No,8.699514748,0,5.049856007,5.886104031,1,Urban,Y
383,Male,No,0,Graduate,Yes,8.877242436,0,4.852030264,5.886104031,1,Urban,Y
384,Male,Yes,2,Graduate,No,8.426392827,0,4.605170186,5.886104031,1,Urban,N
385,Male,No,1,Graduate,No,8.207129168,0,4.727387819,5.192956851,1,Urban,Y
386,Male,No,0,Not Graduate,No,7.760467029,7.378383713,4.882801923,5.886104031,1,Semiurban,Y
387,Male,Yes,0,Not Graduate,No,8.009695358,8.051022208,4.986425673,5.886104031,0,Urban,N
388,Male,Yes,0,Graduate,No,7.754910272,7.790696031,4.912654886,5.886104031,1,Urban,Y
389,Male,Yes,0,Graduate,No,8.610319169,0,4.828313737,5.886104031,1,Rural,Y
390,Male,No,3+,Graduate,No,9.123365358,0,5.220355825,5.886104031,1,Rural,Y
391,Male,Yes,3+,Graduate,No,9.159468042,0,5.616771098,5.886104031,1,Rural,Y
392,Male,Yes,0,Graduate,No,7.856706793,7.657282793,4.787491743,5.886104031,0.842198582,Urban,Y
393,Male,Yes,2,Not Graduate,No,7.59739632,7.39387829,4.727387819,5.192956851,1,Semiurban,Y
394,Male,Yes,2,Graduate,No,8.03915739,7.244941546,4.727387819,5.886104031,1,Urban,Y
395,Male,Yes,2,Graduate,No,8.094378445,6.184148891,4.905274778,5.886104031,0.842198582,Semiurban,Y
396,Female,No,0,Graduate,No,8.064636476,0,4.262679877,5.886104031,0,Urban,N
397,Male,Yes,0,Graduate,No,8.017307508,7.286191715,4.553876892,5.886104031,1,Urban,Y
398,Male,No,0,Not Graduate,No,8.269244521,7.418780883,4.691347882,5.886104031,1,Rural,Y
399,Female,No,0,Graduate,No,7.313220387,7.496097345,4.634728988,5.886104031,0,Semiurban,N
400,Male,Yes,2,Not Graduate,No,7.9686657,0,3.80666249,5.192956851,0,Urban,N
401,Male,No,0,Not Graduate,No,7.921172722,0,4.17438727,5.703782475,1,Rural,N
402,Male,No,0,Graduate,No,7.824046011,9.903537551,4.634728988,5.886104031,1,Semiurban,Y
403,Female,No,0,Not Graduate,No,7.582229194,0,3.970291914,5.886104031,1,Semiurban,Y
404,Female,No,0,Graduate,Yes,8.914760527,0,5.267858159,5.886104031,1,Rural,N
405,Female,No,0,Graduate,No,8.422222954,0,4.744932128,5.886104031,1,Semiurban,Y
406,Male,Yes,0,Not Graduate,No,7.681099002,7.783640596,4.744932128,5.886104031,1,Urban,Y
407,Female,No,0,Not Graduate,No,7.70210434,0,4.189654742,5.886104031,1,Rural,Y
408,Male,Yes,1,Graduate,No,9.024010794,0,5.023880521,5.703782475,0,Semiurban,N
409,Male,Yes,3+,Graduate,No,11.30220443,0,5.886104031,5.886104031,0,Rural,N
410,Female,No,1,Not Graduate,Yes,8.260234292,0,4.127134385,5.886104031,1,Semiurban,N
411,Male,Yes,0,Graduate,No,8.741296282,0,5.075173815,5.886104031,0.842198582,Urban,Y
412,Male,Yes,0,Not Graduate,No,8.715388097,0,5.384495063,5.886104031,0,Rural,N
413,Male,Yes,0,Not Graduate,No,7.72001794,7.617759577,4.700480366,5.886104031,1,Rural,Y
414,Female,Yes,0,Not Graduate,No,7.672757897,8.082711134,5.18178355,5.886104031,0,Semiurban,N
415,Female,No,0,Graduate,No,8.004699511,0,4.094344562,5.886104031,1,Urban,Y
416,Female,No,1,Graduate,No,7.863266724,0,5.075173815,5.886104031,1,Urban,N
417,Male,Yes,2,Graduate,Yes,7.377758908,9.903537551,5.476463552,5.886104031,1,Urban,N
418,Male,Yes,0,Graduate,No,6.932447892,7.928045601,4.718498871,5.886104031,1,Rural,Y
419,Male,Yes,0,Graduate,No,8.085178748,7.257002707,4.927253685,5.886104031,1,Semiurban,Y
420,Male,Yes,0,Graduate,No,8.670600738,0,4.927253685,5.886104031,1,Rural,Y
421,Female,No,0,Not Graduate,No,7.908387159,0,4.382026635,5.834810737,0,Urban,N
422,Male,Yes,0,Graduate,No,7.50659178,7.45007957,4.605170186,5.886104031,1,Urban,Y
423,Male,Yes,1,Graduate,No,8.888756748,7.419380583,4.700480366,5.834810737,0,Urban,N
424,Male,Yes,0,Graduate,No,9.607773308,0,4.564348191,5.886104031,1,Semiurban,Y
425,Male,Yes,0,Graduate,No,7.888334501,8.366602833,4.795790546,5.886104031,1,Rural,Y
426,Female,No,1,Not Graduate,No,8.43511508,0,4.394449155,5.886104031,1,Rural,N
427,Male,Yes,2,Graduate,No,8.688622307,0,4.890349128,5.886104031,1,Semiurban,Y
428,Male,Yes,0,Graduate,No,7.979338895,2.84024742,4.465908119,5.886104031,1,Rural,Y
429,Male,No,0,Not Graduate,No,7.907283609,0,4.094344562,5.192956851,1,Urban,Y
430,Female,No,1,Graduate,Yes,9.062304293,0,5.010635294,5.886104031,1,Semiurban,Y
431,Male,No,0,Graduate,No,8.779557456,0,4.65396035,5.886104031,0,Rural,N
432,Male,No,0,Graduate,No,9.463120392,0,6.003887067,5.886104031,1,Semiurban,Y
433,Male,Yes,0,Graduate,No,7.793586803,7.758333467,4.96284463,5.886104031,1,Semiurban,Y
434,Male,No,0,Graduate,No,8.229511119,0,4.605170186,5.886104031,1,Urban,Y
435,Female,Yes,0,Graduate,No,9.215029361,0,4.986425673,5.480638923,1,Semiurban,Y
436,Male,No,0,Graduate,No,7.563200592,7.524021415,3.912023005,5.886104031,1,Semiurban,Y
437,Male,Yes,0,Graduate,No,7.70210434,7.026426809,4.986425673,5.886104031,1,Urban,Y
438,Male,No,0,Graduate,Yes,9.251098364,0,5.231108617,5.886104031,0,Urban,N
439,Female,Yes,0,Not Graduate,Yes,8.873748128,0,4.927253685,5.886104031,1,Rural,Y
440,Male,No,0,Graduate,No,8.205218426,8.530109417,5.231108617,5.886104031,1,Semiurban,Y
441,Male,Yes,0,Graduate,No,8.974744613,7.514254653,5.192956851,5.886104031,1,Rural,Y
442,Male,No,3+,Not Graduate,No,8.456806041,7.597897951,4.997212274,5.886104031,1,Semiurban,Y
443,Male,No,1,Graduate,No,10.53791923,0,5.023880521,5.886104031,1,Semiurban,Y
444,Male,Yes,0,Graduate,No,8.900139988,9.028098812,5.164785974,5.703782475,0.842198582,Rural,Y
445,Male,Yes,1,Graduate,Yes,8.15075647,7.099201744,4.86753445,5.886104031,1,Rural,Y
446,Male,Yes,2,Not Graduate,No,8.445052514,0,4.700480366,5.886104031,1,Rural,Y
447,Male,Yes,0,Graduate,No,8.17159948,7.227662499,4.007333185,5.886104031,1,Rural,N
448,Male,Yes,2,Graduate,No,8.113726086,7.444833274,5.010635294,5.886104031,0,Rural,N
449,Male,No,1,Not Graduate,Yes,7.926241523,7.341483852,5.247024072,5.886104031,0.842198582,Semiurban,N
450,Male,Yes,2,Not Graduate,No,7.744569809,7.135687347,4.828313737,5.886104031,0,Rural,N
451,Male,Yes,2,Not Graduate,No,7.579678823,7.284134806,4.094344562,5.703782475,0.842198582,Urban,Y
452,Male,Yes,0,Graduate,No,8.280964401,7.458186157,5.003946306,5.886104031,0,Rural,N
453,Male,Yes,0,Graduate,No,7.817222786,7.810758117,4.49980967,5.192956851,0,Rural,Y
454,Male,No,0,Graduate,Yes,8.865735152,0,4.430816799,5.886104031,1,Semiurban,Y
455,Male,Yes,2,Graduate,No,8.258163362,0,4.564348191,5.886104031,1,Semiurban,Y
456,Male,Yes,0,Graduate,No,8.366602833,0,4.770684624,5.886104031,1,Urban,Y
457,Male,Yes,0,Graduate,No,8.218247927,7.851661178,5.153291594,5.886104031,1,Urban,N
458,Male,No,2,Graduate,No,8.378850242,0,4.912654886,5.886104031,1,Rural,Y
459,Male,Yes,0,Graduate,No,9.028098812,0,5.075173815,5.886104031,1,Semiurban,N
460,Male,Yes,0,Graduate,Yes,7.641564441,8.314832179,5.075173815,5.886104031,0.842198582,Semiurban,Y
461,Male,Yes,3+,Graduate,No,8.954156967,0,4.852030264,5.192956851,1,Urban,Y
462,Male,Yes,0,Graduate,No,8.011355109,7.691200098,5.030437921,5.886104031,1,Rural,Y
463,Female,No,1,Not Graduate,No,8.554681636,0,4.882801923,5.886104031,1,Semiurban,Y
464,Male,No,0,Graduate,No,8.334711622,0,4.584967479,5.886104031,0,Semiurban,N
465,Male,No,0,Graduate,No,8.699514748,0,4.941642423,5.886104031,1,Rural,Y
466,Male,Yes,3+,Not Graduate,No,7.988542983,7.417580402,4.248495242,5.192956851,0,Urban,N
467,Male,Yes,0,Graduate,No,9.722684842,0,4.700480366,5.886104031,1,Semiurban,Y
468,Female,Yes,2,Not Graduate,No,5.347107531,7.978653729,4.584967479,5.886104031,1,Semiurban,Y
469,Male,Yes,0,Graduate,No,8.374015422,7.804659297,4.700480366,5.886104031,1,Urban,N
470,Male,Yes,1,Graduate,Yes,8.14612951,7.640123173,5.087596335,5.886104031,1,Semiurban,Y
471,Male,Yes,1,Not Graduate,No,7.883446354,7.313886832,4.727387819,5.192956851,0,Rural,N
472,Male,Yes,3+,Graduate,No,8.453401058,0,4.605170186,5.886104031,1,Semiurban,Y
473,Female,No,0,Graduate,Yes,7.824046011,0,4.532599493,5.886104031,0.842198582,Urban,Y
474,Male,No,2,Graduate,No,8.618304693,8.444407422,5.087596335,5.886104031,1,Rural,Y
475,Male,Yes,2,Graduate,Yes,9.712629665,6.922643891,5.010635294,5.886104031,1,Rural,Y
476,Male,Yes,2,Graduate,No,8.809862805,7.467942332,5.438079309,5.703782475,1,Semiurban,Y
477,Male,Yes,2,Graduate,No,7.963112059,7.535296702,4.882801923,5.886104031,0,Semiurban,N
478,Male,Yes,1,Graduate,Yes,9.721185996,7.719129841,4.454347296,5.886104031,1,Semiurban,Y
479,Male,Yes,2,Graduate,No,7.988542983,7.380255788,4.986425673,5.886104031,1,Urban,N
480,Female,No,0,Not Graduate,No,8.377931124,0,5.036952602,5.886104031,1,Rural,Y
481,Male,Yes,3+,Not Graduate,No,8.037543185,0,4.727387819,5.886104031,1,Rural,Y
482,Male,Yes,0,Graduate,No,7.641564441,8.055475142,4.852030264,5.886104031,1,Semiurban,Y
483,Male,Yes,0,Graduate,No,9.29035231,0,5.455321115,5.886104031,1,Semiurban,Y
484,Male,Yes,2,Graduate,No,9.027978814,0,5.505331536,5.886104031,1,Semiurban,Y
485,Male,Yes,1,Not Graduate,No,7.579678823,7.798523054,4.875197323,5.886104031,1,Rural,Y
486,Male,No,2,Graduate,No,8.173857455,0,4.382026635,5.886104031,0,Rural,N
487,Male,Yes,1,Graduate,No,9.816457994,0,6.214608098,5.886104031,1,Urban,N
488,Male,Yes,2,Graduate,Yes,8.430109085,7.642044403,5.075173815,5.886104031,1,Semiurban,Y
489,Male,No,0,Graduate,No,7.797702036,0,4.317488114,5.886104031,1,Urban,N
490,Male,No,0,Not Graduate,No,7.900636613,7.932362154,4.564348191,5.886104031,0.842198582,Semiurban,Y
491,Male,Yes,1,Not Graduate,No,8.581669211,7.031741259,5.225746674,5.886104031,0.842198582,Urban,Y
492,Male,No,0,Not Graduate,No,8.213652703,0,4.700480366,5.886104031,1,Rural,Y
493,Female,No,0,Not Graduate,Yes,9.756320762,0,5.416100402,5.886104031,1,Semiurban,Y
494,Male,Yes,0,Graduate,No,8.187855444,7.676937146,4.779123493,5.886104031,0,Rural,N
495,Female,Yes,1,Graduate,No,8.10952566,6.817830571,4.65396035,4.430816799,1,Semiurban,Y
496,Male,Yes,0,Not Graduate,No,7.863266724,7.438971592,4.672828834,5.886104031,1,Rural,Y
497,Male,Yes,0,Graduate,No,8.43923165,7.957877358,4.709530201,2.48490665,0.842198582,Urban,Y
498,Male,Yes,1,Graduate,Yes,7.97074039,0,4.553876892,5.886104031,1,Semiurban,Y
499,Male,No,0,Graduate,No,8.745602852,8.393216012,5.342334252,5.886104031,0,Rural,N
500,Female,No,0,Graduate,No,6.469250317,8.211754397,4.727387819,6.173786104,1,Rural,Y
501,Female,No,0,Graduate,No,8.058010801,0,4.605170186,5.886104031,1,Semiurban,Y
502,Male,Yes,2,Graduate,No,8.489821995,8.634976227,5.33753808,5.886104031,1,Semiurban,Y
503,Male,Yes,1,Not Graduate,No,8.30647216,8.576027977,4.927253685,5.886104031,0.842198582,Rural,N
504,Male,Yes,0,Not Graduate,No,8.246433786,7.302496424,4.820281566,5.703782475,1,Semiurban,Y
505,Male,Yes,2,Graduate,No,8.163371316,8.393216012,5.493061443,5.886104031,1,Rural,Y
506,Male,Yes,0,Graduate,No,9.944293547,8.805075244,6.173786104,5.886104031,0.842198582,Urban,Y
507,Male,No,0,Graduate,No,8.183955717,0,4.564348191,5.886104031,1,Urban,N
508,Male,Yes,0,Graduate,Yes,7.815610532,8.011023379,5.236441963,5.886104031,1,Urban,Y
509,Female,No,1,Graduate,No,9.492658082,0,3.688879454,5.886104031,1,Urban,Y
510,Male,No,0,Not Graduate,No,8.188133415,7.160845907,4.605170186,5.886104031,1,Rural,N
511,Male,Yes,1,Graduate,No,8.710289821,7.60339934,5.521460918,5.886104031,1,Semiurban,Y
512,Male,Yes,2,Graduate,No,8.096512918,7.618742378,4.997212274,5.886104031,1,Urban,Y
513,Male,Yes,0,Graduate,No,7.663877259,8.804925263,4.248495242,5.192956851,1,Semiurban,N
514,Male,No,0,Graduate,No,8.668196065,8.207129168,5.739792912,5.886104031,1,Rural,N
515,Male,Yes,3+,Graduate,No,8.15075647,8.140023952,5.010635294,5.886104031,1,Rural,Y
516,Female,Yes,2,Graduate,No,7.616283562,7.398174093,4.727387819,6.173786104,1,Semiurban,Y
517,Male,Yes,0,Not Graduate,No,8.030734924,7.496097345,4.812184355,5.886104031,0,Semiurban,N
518,Male,No,0,Graduate,No,8.451694209,7.557994959,5.220355825,5.886104031,1,Semiurban,N
519,Female,No,0,Not Graduate,No,8.131530711,0,4.553876892,5.886104031,1,Rural,N
520,Male,Yes,2,Not Graduate,No,7.692569648,7.463363046,3.80666249,5.886104031,1,Semiurban,Y
521,Male,No,0,Graduate,No,7.824046011,0,4.007333185,5.886104031,1,Semiurban,Y
522,Male,Yes,3+,Graduate,Yes,8.644178203,7.261927093,4.605170186,5.886104031,1,Rural,Y
523,Male,Yes,2,Graduate,Yes,8.980675604,8.877242436,6.173786104,5.886104031,1,Rural,Y
524,Male,No,0,Graduate,No,8.451053389,7.643961949,4.986425673,5.886104031,1,Semiurban,N
525,Male,Yes,2,Graduate,Yes,9.76995616,0,5.991464547,5.886104031,1,Rural,Y
526,Male,Yes,0,Graduate,No,8.236155662,0,4.700480366,5.886104031,1,Semiurban,Y
527,Male,Yes,1,Not Graduate,No,8.572627898,7.26612878,5.081404365,5.886104031,0,Semiurban,Y
528,Male,No,1,Not Graduate,No,7.89319887,7.172424577,4.543294782,5.886104031,1,Semiurban,Y
529,Male,No,0,Not Graduate,No,8.822174761,0,4.86753445,5.886104031,1,Semiurban,Y
530,Male,Yes,0,Graduate,No,6.932447892,8.612685173,5.375278408,5.886104031,0.842198582,Rural,Y
531,Male,Yes,3+,Graduate,No,8.361941906,0,4.605170186,5.886104031,1,Urban,Y
532,Male,No,2,Graduate,No,8.185350223,0,4.700480366,5.886104031,0,Rural,N
533,Male,No,1,Graduate,No,9.328123408,0,5.278114659,5.886104031,0.842198582,Semiurban,N
534,Female,No,0,Not Graduate,Yes,9.807251945,0,4.828313737,5.886104031,1,Urban,Y
535,Male,No,0,Not Graduate,No,7.843848638,7.622174595,4.836281907,5.886104031,1,Rural,Y
536,Male,Yes,0,Graduate,No,8.721439306,8.270525095,5.780743516,5.886104031,1,Urban,Y
537,Male,No,2,Graduate,No,8.193400232,0,4.672828834,5.886104031,1,Semiurban,Y
538,Male,Yes,0,Not Graduate,No,7.97831097,6.285998095,4.189654742,5.886104031,1,Rural,N
539,Male,Yes,3+,Graduate,No,8.766705998,0,5.056245805,5.192956851,1,Rural,Y
540,Female,Yes,1,Graduate,No,8.435549202,7.953669779,4.941642423,5.192956851,1,Semiurban,Y
541,Female,No,0,Graduate,No,7.667626092,0,4.59511985,5.886104031,0,Semiurban,N
542,Female,No,1,Graduate,No,8.203030242,0,4.553876892,5.886104031,1,Semiurban,Y
543,Male,Yes,1,Not Graduate,No,7.713784617,7.833996342,4.852030264,5.886104031,1,Urban,Y
544,Female,Yes,0,Not Graduate,No,8.012018239,6.498282149,4.624972813,5.886104031,0.842198582,Semiurban,Y
545,Male,Yes,0,Graduate,No,7.925880317,7.576097341,5.043425117,5.886104031,1,Rural,Y
546,Male,No,0,Not Graduate,No,8.119100838,0,4.382026635,3.583518938,1,Semiurban,N
547,Male,No,0,Graduate,No,7.834392303,7.486613313,4.976733742,5.886104031,1,Rural,Y
548,Female,No,0,Graduate,No,8.517193191,0,4.634728988,5.886104031,0,Semiurban,N
549,Male,Yes,0,Graduate,No,7.932003152,7.609366538,4.700480366,5.886104031,1,Rural,Y
550,Male,Yes,2,Graduate,Yes,8.79981247,0,4.986425673,5.886104031,0,Rural,N
551,Male,Yes,1,Not Graduate,No,7.82084088,7.77317368,4.986425673,5.886104031,1,Rural,Y
552,Male,Yes,1,Graduate,No,8.111628078,8.08671792,5.062595033,5.886104031,1,Urban,Y
553,Male,Yes,0,Not Graduate,No,7.805474625,7.755338813,5.198497031,5.886104031,0,Urban,N
554,Male,Yes,0,Graduate,No,8.186742787,8.358666283,4.882801923,5.192956851,0,Rural,N
555,Male,Yes,1,Graduate,No,8.606668198,6.940222469,3.258096538,5.886104031,1,Semiurban,Y
556,Female,No,0,Graduate,No,7.888709524,7.39387829,4.430816799,5.886104031,0.842198582,Urban,Y
557,Male,Yes,3+,Graduate,Yes,9.224144653,0,5.560681631,5.886104031,1,Semiurban,Y
558,Male,Yes,0,Graduate,No,8.265392931,7.889833751,5.087596335,5.886104031,1,Semiurban,Y
559,Female,Yes,0,Graduate,No,8.338066526,7.743703258,5.204006687,5.886104031,1,Semiurban,Y
560,Male,Yes,2,Not Graduate,No,8.209308412,5.493061443,4.682131227,5.886104031,1,Semiurban,Y
561,Female,Yes,1,Graduate,Yes,9.877348895,0,6.396929655,5.886104031,1,Semiurban,Y
562,Male,Yes,0,Graduate,No,8.686598356,7.628031127,5.351858133,5.886104031,1,Rural,Y
563,Male,No,0,Not Graduate,Yes,8.665613197,0,4.882801923,5.886104031,1,Semiurban,Y
564,Male,Yes,2,Graduate,No,9.082393358,0,5.552959585,5.886104031,0,Urban,N
565,Male,Yes,0,Not Graduate,No,8.404472321,0,4.787491743,5.886104031,0.842198582,Rural,Y
566,Male,No,0,Graduate,No,8.111628078,0,4.248495242,5.886104031,1,Urban,Y
567,Male,Yes,3+,Graduate,No,8.131530711,7.824445931,4.812184355,5.886104031,0,Rural,N
568,Female,No,0,Graduate,No,7.774015077,0,2.197224577,5.886104031,1,Urban,N
569,Male,Yes,0,Graduate,No,8.06022424,7.632885505,4.644390899,5.886104031,0,Urban,N
570,Male,Yes,1,Graduate,No,8.136518252,7.467942332,5.225746674,5.886104031,1,Urban,Y
571,Male,Yes,0,Graduate,No,8.540128163,7.280697195,5.105945474,5.886104031,0,Urban,N
572,Male,Yes,2,Graduate,No,9.721125995,0,5.616771098,5.886104031,1,Urban,Y
573,Male,Yes,2,Not Graduate,No,8.720134035,7.39387829,5.231108617,6.173786104,1,Semiurban,N
574,Male,Yes,3+,Graduate,No,8.76499033,0,5.010635294,5.886104031,1,Semiurban,N
575,Male,Yes,2,Graduate,No,8.058010801,6.135564891,4.682131227,4.430816799,1,Urban,Y
576,Male,Yes,0,Graduate,No,8.034955025,7.701200181,4.912654886,5.886104031,0,Semiurban,N
577,Male,No,0,Graduate,No,8.079927771,7.915713199,4.700480366,5.886104031,1,Urban,Y
578,Male,Yes,1,Graduate,No,7.485491608,7.711101252,4.672828834,5.886104031,1,Rural,Y
579,Male,No,0,Graduate,No,8.065265209,7.978653729,5.081404365,5.886104031,1,Urban,Y
580,Male,Yes,2,Graduate,No,8.785692444,0,5.323009979,5.886104031,1,Semiurban,Y
581,Male,No,0,Graduate,No,7.515344571,10.42933971,4.49980967,5.886104031,1,Urban,N
582,Female,Yes,0,Graduate,No,8.06022424,0,3.583518938,5.886104031,1,Semiurban,Y
583,Male,Yes,1,Graduate,No,7.539027056,0,4.110873864,5.886104031,0.842198582,Rural,N
584,Male,Yes,1,Graduate,No,7.932721027,7.559038255,4.983606622,5.886104031,0,Rural,N
585,Male,Yes,1,Graduate,No,8.362408978,8.006700845,5.147494477,4.430816799,1,Rural,N
586,Male,Yes,0,Graduate,No,7.739359203,7.328437353,4.644390899,5.886104031,1,Urban,Y
587,Female,No,0,Not Graduate,No,7.68017564,0,4.248495242,5.886104031,1,Semiurban,Y
588,Male,No,0,Graduate,No,8.465899897,0,4.543294782,5.886104031,1,Semiurban,Y
589,Male,Yes,2,Graduate,Yes,7.910590612,0,4.663439094,5.886104031,0,Semiurban,N
590,Male,Yes,0,Graduate,No,8.006367568,8.136518252,4.025351691,5.192956851,1,Semiurban,Y
591,Male,Yes,2,Graduate,Yes,8.699514748,0,5.323009979,5.480638923,1,Semiurban,N
592,Male,No,3+,Graduate,Yes,9.143880005,0,5.676753802,5.886104031,1,Semiurban,Y
593,Male,Yes,0,Graduate,No,8.258163362,8.101980732,4.955827058,5.192956851,1,Rural,Y
594,Male,Yes,0,Graduate,Yes,9.687816016,0,5.560681631,5.886104031,1,Urban,Y
595,Male,No,0,Not Graduate,No,8.251403065,0,4.700480366,5.886104031,1,Rural,Y
596,Male,Yes,2,Not Graduate,Yes,8.761393485,6.908754779,5.231108617,5.886104031,1,Rural,N
597,Male,No,0,Graduate,No,8.002024818,0,4.477336814,5.886104031,0,Semiurban,N
598,Male,Yes,0,Graduate,Yes,9.20663351,0,5.192956851,5.886104031,1,Rural,Y
599,Male,Yes,2,Graduate,No,8.662158962,0,5.257495372,5.886104031,1,Urban,Y
600,Female,No,3+,Graduate,No,6.03068526,10.63748873,5.857933154,5.192956851,0.842198582,Urban,N
601,Male,Yes,0,Not Graduate,No,7.970394907,7.934871566,5.043425117,5.886104031,1,Rural,Y
602,Male,Yes,3+,Graduate,No,8.648747631,0,4.852030264,5.886104031,1,Urban,Y
603,Male,No,0,Graduate,No,8.209580483,8.36683531,5.147494477,5.886104031,1,Rural,Y
604,Female,Yes,1,Graduate,No,9.392661929,0,6.206575927,5.886104031,1,Semiurban,Y
605,Male,Yes,0,Not Graduate,No,7.783224016,8.243019469,4.986425673,5.192956851,1,Urban,N
606,Male,Yes,1,Graduate,No,8.131530711,7.824445931,5.153291594,5.886104031,1,Semiurban,Y
607,Male,Yes,2,Not Graduate,No,8.290794347,7.252762418,5.056245805,5.886104031,1,Rural,Y
608,Male,Yes,0,Graduate,No,8.08085642,7.576097341,4.682131227,5.886104031,1,Rural,Y
609,Female,No,0,Graduate,No,7.972466016,0,4.262679877,5.886104031,1,Rural,Y
610,Male,Yes,3+,Graduate,No,8.320204598,0,3.688879454,5.192956851,1,Rural,Y
611,Male,Yes,1,Graduate,No,8.996156562,5.484796933,5.533389489,5.886104031,1,Urban,Y
612,Male,Yes,2,Graduate,No,8.933664179,0,5.231108617,5.886104031,1,Urban,Y
613,Female,No,0,Graduate,Yes,8.430109085,0,4.890349128,5.886104031,0,Semiurban,N
